Название,Цена,Ссылка
Настенный светильник светодиодный Odeon Light Costella 3906/9WL,5 994 ₽,https://lu.ru/sortament/svetilniki/nastennye/nastennyj_svetil_nik_svetodiodnyj_costella_3906_9wl/nc/
Бра светодиодное Odeon Light Fillini 4335/18WG,5 994 ₽,https://lu.ru/sortament/bra_i_podsvetka_dlya_kartin/bra/bra_svetodiodnoe_fillini_4335_18wg/nc/
Подвесной светильник Odeon Light Sakra 4071/5L,9 000 ₽,https://lu.ru/sortament/svetilniki/podvesnye/podvesnoj_svetil_nik_sakra_4071_5l/nc/
Точечный накладной светильник Odeon Light Pillaron 3564/1C,2 154 ₽,https://lu.ru/sortament/spoty_tochechnye_i_sistemy/tochechnye_svetilniki/nakladnye/tochechnyj_nakladnoj_svetil_nik_pillaron_3564_1c/nc/
Подсветка для лестниц и ступеней Denkirs DK3050-WH,966 ₽,https://lu.ru/sortament/spoty_tochechnye_i_sistemy/tochechnye_svetilniki/podsvetki_dlya_lestnic/podsvetka_stupenej_lestnicy_dk3050-wh/nc/
Трековый светильник Denkirs DK6500 DK6501-WH,294 ₽,https://lu.ru/sortament/spoty_tochechnye_i_sistemy/trekovye_i_shinnye_sistemy/svetilniki/trekovyj_svetil_nik_dk6500_dk6501-wh/nc/
Бра с выключателем Arte Lamp Twist A7603AP-1WH,1 134 ₽,https://lu.ru/sortament/bra_i_podsvetka_dlya_kartin/bra/bra_led_s_vyklyuchatelem_a7603ap-1wh/nc/
Бра Arte Lamp Martin A5213AP-2BR,2 754 ₽,https://lu.ru/sortament/bra_i_podsvetka_dlya_kartin/bra/bra_martin_a5213ap-2br/nc/
Встраиваемый светильник Arte Lamp Cardani Semplice A5949PL-2BK,240 ₽,https://lu.ru/sortament/spoty_tochechnye_i_sistemy/tochechnye_svetilniki/vstraivaemie/vstraivaemyj_svetil_nik_a5949pl-2bk/nc/
Встраиваемый светильник (010027+510027) Lightstar LEVIGO L01002727,882 ₽,https://lu.ru/sortament/spoty_tochechnye_i_sistemy/tochechnye_svetilniki/vstraivaemie/vstraivaemyj_svetil_nik_levigo_l01002727_010027_510027/nc/
Трековый светильник однофазный 220V Lightstar VOLTA 228236,2 413 ₽,https://lu.ru/sortament/spoty_tochechnye_i_sistemy/trekovye_i_shinnye_sistemy/svetilniki/trekovyj_svetil_nik_volta_228236/nc/
Настенный светильник Lightstar Nubi 802610,5 431 ₽,https://lu.ru/sortament/svetilniki/nastennye/nastennyj_svetil_nik_simple_light_802610/nc/
Подвесная люстра светодиодная диммируемая с пультом Lumion Sheridan 5247/79L,9 480 ₽,https://lu.ru/sortament/lyustri/podvesnie/podvesnaya_lyustra_svetodiodnaya_dimmiruemaya_s_pul_tom_sheridan_5247_79l/nc/
"Фасадный светильник светодиодный LGD-EYE-WALL-6W Warm3000 (GR, 117 deg, 230V) (Arlight, IP54 Металл, 3 года) 029979",6 588 ₽,https://lu.ru/sortament/ulichnye/podsvetka_obektov/arhitekturnaya_podsvetka_svetodiodnaya_lgd-eye-wall_29979_ip54/nc/
"Трековый светильник светодиодный MAG-SPOT-25-R90-9W Warm3000 (BK, 30 deg, 24V) (Arlight, IP20 Металл, 3 года) 033677",3 151 ₽,https://lu.ru/sortament/spoty_tochechnye_i_sistemy/trekovye_i_shinnye_sistemy/svetilniki/svetil_nik_mag-spot-25-r90-9w_warm3000_bk_30_deg_24v_ip20_metall_033677/nc/
"Трековый светильник светодиодный MAG-FLAT-45-L405-12W Warm3000 (WH, 100 deg, 24V) (Arlight, IP20 Металл, 3 года) 026948",3 367 ₽,https://lu.ru/sortament/spoty_tochechnye_i_sistemy/trekovye_i_shinnye_sistemy/svetilniki/trekovyj_svetil_nik_svetodiodnyj_dlya_magnitnyh_trekov_mag-flat-45-l405-12w_warm3000_wh_100_deg_24v_026948/nc/
Бра Favourite Nano 1522-1W,2 160 ₽,https://lu.ru/sortament/bra_i_podsvetka_dlya_kartin/bra/bra_nano_1522-1w/nc/
Детский спот Favourite Gufo 2041-1W,3 420 ₽,https://lu.ru/sortament/spoty_tochechnye_i_sistemy/spoty/spot_gufo_2041-1w/nc/
Бра светодиодное с выключателем Favourite Murum 1961-1W,3 420 ₽,https://lu.ru/sortament/bra_i_podsvetka_dlya_kartin/bra/bra_svetodiodnoe_s_vyklyuchatelem_murum_1961-1w/nc/
Гирлянда светодиодная 400-007 Eurosvet теплый белый,240 ₽,https://lu.ru/sortament/aksessuary/girlyandy/girlyanda_svetodiodnaya_400-007/nc/
Светильник трековый однофазный двухжильный IP20 9W 220V NT22 068 черный/золото Novotech Slim 370863,834 ₽,https://lu.ru/sortament/spoty_tochechnye_i_sistemy/trekovye_i_shinnye_sistemy/svetilniki/trekovyj_svetil_nik_odnofaznyj_220v_svetodiodnyj_slim_370863/nc/
Встраиваемый светильник светодиодный Novotech Lirio 370718,642 ₽,https://lu.ru/sortament/spoty_tochechnye_i_sistemy/tochechnye_svetilniki/vstraivaemie/vstraivaemyj_svetil_nik_svetodiodnyj_lirio_370718/nc/
Интерьерная настольная лампа Omnilux Miglianico OML-75414-01,4 158 ₽,https://lu.ru/sortament/nastolnye_lampy_i_torshery/nastolnye_lampy/interernye/inter_ernaya_nastol_naya_lampa_miglianico_oml-75414-01/nc/
Накладной светильник светодиодный Omnilux Torino OML-100309-16,2 190 ₽,https://lu.ru/sortament/spoty_tochechnye_i_sistemy/tochechnye_svetilniki/nakladnye/nakladnoj_svetil_nik_svetodiodnyj_oml-100309-16/nc/
Потолочный светильник Mantra Zero 5411,4 255 ₽,https://lu.ru/sortament/svetilniki/potolochnye/kruglye/potolochnyj_svetil_nik_zero_5411/nc/
Накладной светильник Crystal Lux CLT 411C WH-WH,1 128 ₽,https://lu.ru/sortament/spoty_tochechnye_i_sistemy/tochechnye_svetilniki/nakladnye/nakladnoj_svetil_nik_clt_411c_wh-wh/nc/
"Потолочный светильник светодиодный Kink Light Медина 05480,19",13 140 ₽,https://lu.ru/sortament/svetilniki/potolochnye/kruglye/potolochnyj_svetil_nik_svetodiodnyj_medina_05480_19/nc/
"Однофазный шинопровод накладной 220V Kink Light Track Black 165,19",894 ₽,https://lu.ru/sortament/spoty_tochechnye_i_sistemy/trekovye_i_shinnye_sistemy/shinoprovody/shinoprovod_165_19/nc/
Потолочный светильник светодиодный 10003/24 Loft It Axel Green,3 804 ₽,https://lu.ru/sortament/svetilniki/potolochnye/kruglye/potolochnyj_svetil_nik_svetodiodnyj_axel_10003_24_green/nc/
Подвесной светильник Loft It LOFT1844 LOFT1844/B,2 786 ₽,https://lu.ru/sortament/svetilniki/podvesnye/podvesnoj_svetil_nik_loft1844_b/nc/
Настенно-потолочный светильник светодиодный Loft It Mike 10064,6 810 ₽,https://lu.ru/sortament/svetilniki/nastenno-potolochnye/nastenno-potolochnyj_svetil_nik_svetodiodnyj_mike_10064/nc/
Встраиваемый светильник светодиодный 5 Eglo Fueva 99189,1 614 ₽,https://lu.ru/sortament/spoty_tochechnye_i_sistemy/tochechnye_svetilniki/vstraivaemie/vstraivaemyj_svetil_nik_svetodiodnyj_fueva_5_99189/nc/
Настольная лампа Eglo Solo 1 87256,3 294 ₽,https://lu.ru/sortament/nastolnye_lampy_i_torshery/nastolnye_lampy/interernye/inter_ernaya_nastol_naya_lampa_solo_87256/nc/
Спот Imex IL.0005.1200,714 ₽,https://lu.ru/sortament/spoty_tochechnye_i_sistemy/spoty/spot_il_0005_1200/nc/
Спот Imex IL.0005.0100,292 ₽,https://lu.ru/sortament/spoty_tochechnye_i_sistemy/spoty/spot_il_0005_0100/nc/
Потолочный светильник Lussole Loft Brentwood LSP-9881,5 458 ₽,https://lu.ru/sortament/svetilniki/potolochnye/kruglye/potolochnyj_svetil_nik_loft_lsp-9881/nc/
