name,price,url
Подвесной светильник Layham,19 790,/product/podvesnoj-svetilnik-layham
Подвесной светильник Townshend-4,10 990,/product/podvesnoj-svetilnik-townshend-4
Подвесной светильник Milligan,5490,/product/podvesnoj-svetilnik-milligan
Подвесной светильник Chieveley,14 990,/product/podvesnoj-svetilnik-chieveley
Подвесной светильник Tureis,3390,/product/podvesnoj-svetilnik-tureis
Бра Aqua-Bolla,2190,/product/bra-aqua-bolla
Подвесной светильник Volare-1,4320,/product/podvesnoj-svetilnik-volare-1
Бра Bolla-Unica,5290,/product/bra-bolla-unica
Светильник потолочный Matthew,4990,/product/svetilnik-potolochnyj-matthew
Бра Galdakao-1,6590,/product/bra-galdakao
Подвесной светильник Moderli Brizzi-2,7090,/product/podvesnoj-svetilnik-moderli-brizzi-2
Подвесной светильник Moderli Lewes,14 390,/product/podvesnoj-svetilnik-moderli-lewes
Подвесной светильник Moderli Libre,4990,/product/podvesnoj-svetilnik-moderli-libre
Подвесной светильник Moderli Host-2,12 590,/product/podvesnoj-svetilnik-moderli-host-2
Бра Moderli Birds-2,13 390,/product/bra-moderli-birds-2
Подвесной светильник Moderli Martin-2,13 790,/product/podvesnoj-svetilnik-moderli-martin-2
Подвесной светильник Moderli Arya-2,7890,/product/podvesnoj-svetilnik-moderli-arya-2
Бра Moderli Alina,3190,/product/bra-moderli-alina
Подвесной светильник Narices,9290,/product/podvesnoj-svetilnik-narices
Подвесной светильник Moderli Martin-1,6190,/product/podvesnoj-svetilnik-moderli-martin-1
Подвесной светильник Narices-1,26 390,/product/podvesnoj-svetilnik-narices-1
Подвесной светильник Moderli Host-1,6190,/product/podvesnoj-svetilnik-moderli-host-1
Подвесной светильник Даклин White,3890,/product/podvesnoj-svetilnik-daklin-white
Спот Лима-1 Black,2490,/product/spot-lima-1-black
Подвесной светильник Эдли Beige,18 990,/product/podvesnoj-svetilnik-edli-beige
Спот Минки-1 White,1390,/product/spot-minki-1-white
Спот Минки Grey,790,/product/spot-minki-grey
Бра Moderli Birds-1,9390,/product/bra-moderli-birds-1
Подвесной светильник Volare,3990,/product/podvesnoj-svetilnik-volare
Подвесной светильник Milligan-1,16 490,/product/podvesnoj-svetilnik-milligan-1
Подвесной светильник Вьено-5 Black,9990,/product/podvesnoj-svetilnik-veno-5-black
Подвесной светильник Минки-2 Black,3090,/product/podvesnoj-svetilnik-minki-2-black
Подвесной светильник Ридж Brown,3090,/product/podvesnoj-svetilnik-ridj-brown
Бра Tarbes-1,5790,/product/bra-tarbes-1
Подвесной светильник Маро Green,11 690,/product/podvesnoj-svetilnik-maro-green
Спот Минки-2 Brown,1790,/product/spot-minki-2-brown
Спот Минки-1 Grey,890,/product/spot-minki-1-grey
Светильник потолочный Банджи White,7990,/product/svetilnik-potolochnyj-bandji-white
Подвесной светильник Кэндел White,2690,/product/podvesnoj-svetilnik-kendel-white
Спот Минки-2 Grey,1690,/product/spot-minki-2-grey
Бра Варио Black,990,/product/bra-vario-black
Спот Олден White,1290,/product/spot-olden-white
Подвесной светильник Нести Black,5690,/product/podvesnoj-svetilnik-nesti-black
Подвесной светильник Бабл-3,6190,/product/podvesnoj-svetilnik-babl-3
Подвесной светильник Сансет Black,5190,/product/podvesnoj-svetilnik-sanset-black
Подвесной светильник Минки Grey,2590,/product/podvesnoj-svetilnik-minki-grey
Подвесной светильник Минки-1 Black,2790,/product/podvesnoj-svetilnik-minki-1-black
Подвесной светильник Эллис-3 Black,5290,/product/podvesnoj-svetilnik-ellis-3-black
name,price,url
Подвесной светильник Layham,19 790,/product/podvesnoj-svetilnik-layham
Подвесной светильник Townshend-4,10 990,/product/podvesnoj-svetilnik-townshend-4
Подвесной светильник Milligan,5490,/product/podvesnoj-svetilnik-milligan
Подвесной светильник Chieveley,14 990,/product/podvesnoj-svetilnik-chieveley
Подвесной светильник Tureis,3390,/product/podvesnoj-svetilnik-tureis
Бра Aqua-Bolla,2190,/product/bra-aqua-bolla
Подвесной светильник Volare-1,4320,/product/podvesnoj-svetilnik-volare-1
Бра Bolla-Unica,5290,/product/bra-bolla-unica
Светильник потолочный Matthew,4990,/product/svetilnik-potolochnyj-matthew
Бра Galdakao-1,6590,/product/bra-galdakao
Подвесной светильник Moderli Brizzi-2,7090,/product/podvesnoj-svetilnik-moderli-brizzi-2
Подвесной светильник Moderli Lewes,14 390,/product/podvesnoj-svetilnik-moderli-lewes
Подвесной светильник Moderli Libre,4990,/product/podvesnoj-svetilnik-moderli-libre
Подвесной светильник Moderli Host-2,12 590,/product/podvesnoj-svetilnik-moderli-host-2
Бра Moderli Birds-2,13 390,/product/bra-moderli-birds-2
Подвесной светильник Moderli Martin-2,13 790,/product/podvesnoj-svetilnik-moderli-martin-2
Подвесной светильник Moderli Arya-2,7890,/product/podvesnoj-svetilnik-moderli-arya-2
Бра Moderli Alina,3190,/product/bra-moderli-alina
Подвесной светильник Narices,9290,/product/podvesnoj-svetilnik-narices
Подвесной светильник Moderli Martin-1,6190,/product/podvesnoj-svetilnik-moderli-martin-1
Подвесной светильник Narices-1,26 390,/product/podvesnoj-svetilnik-narices-1
Подвесной светильник Moderli Host-1,6190,/product/podvesnoj-svetilnik-moderli-host-1
Подвесной светильник Даклин White,3890,/product/podvesnoj-svetilnik-daklin-white
Спот Лима-1 Black,2490,/product/spot-lima-1-black
Подвесной светильник Эдли Beige,18 990,/product/podvesnoj-svetilnik-edli-beige
Спот Минки-1 White,1390,/product/spot-minki-1-white
Спот Минки Grey,790,/product/spot-minki-grey
Бра Moderli Birds-1,9390,/product/bra-moderli-birds-1
Подвесной светильник Volare,3990,/product/podvesnoj-svetilnik-volare
Подвесной светильник Milligan-1,16 490,/product/podvesnoj-svetilnik-milligan-1
Подвесной светильник Вьено-5 Black,9990,/product/podvesnoj-svetilnik-veno-5-black
Подвесной светильник Минки-2 Black,3090,/product/podvesnoj-svetilnik-minki-2-black
Подвесной светильник Ридж Brown,3090,/product/podvesnoj-svetilnik-ridj-brown
Бра Tarbes-1,5790,/product/bra-tarbes-1
Подвесной светильник Маро Green,11 690,/product/podvesnoj-svetilnik-maro-green
Спот Минки-2 Brown,1790,/product/spot-minki-2-brown
Спот Минки-1 Grey,890,/product/spot-minki-1-grey
Светильник потолочный Банджи White,7990,/product/svetilnik-potolochnyj-bandji-white
Подвесной светильник Кэндел White,2690,/product/podvesnoj-svetilnik-kendel-white
Спот Минки-2 Grey,1690,/product/spot-minki-2-grey
Бра Варио Black,990,/product/bra-vario-black
Спот Олден White,1290,/product/spot-olden-white
Подвесной светильник Нести Black,5690,/product/podvesnoj-svetilnik-nesti-black
Подвесной светильник Бабл-3,6190,/product/podvesnoj-svetilnik-babl-3
Подвесной светильник Сансет Black,5190,/product/podvesnoj-svetilnik-sanset-black
Подвесной светильник Минки Grey,2590,/product/podvesnoj-svetilnik-minki-grey
Подвесной светильник Минки-1 Black,2790,/product/podvesnoj-svetilnik-minki-1-black
Подвесной светильник Эллис-3 Black,5290,/product/podvesnoj-svetilnik-ellis-3-black
